"ddg.num","ddg.type","ddg.from","ddg.to"
1,"cf","p1","p2"
2,"df.in","d1","p2"
3,"df.out","p2","d2"
4,"cf","p2","p3"
5,"df.out","p3","d3"
6,"cf","p3","p4"
7,"df.out","p4","d4"
8,"cf","p4","p5"
9,"df.in","d2","p5"
10,"df.in","d3","p5"
11,"df.in","d4","p5"
12,"df.out","p5","d5"
13,"df.out","p5","d6"
14,"cf","p5","p6"
15,"df.out","p6","d7"
16,"cf","p6","p7"
17,"df.out","p7","d8"
18,"cf","p7","p8"
19,"df.in","d5","p8"
20,"df.in","d7","p8"
21,"cf","p8","p9"
22,"df.in","d6","p9"
23,"df.in","d8","p9"
24,"cf","p9","p10"
25,"df.in","d7","p10"
26,"df.out","p10","d9"
27,"cf","p10","p11"
28,"df.in","d8","p11"
29,"df.out","p11","d10"
30,"cf","p11","p12"
31,"df.in","d9","p12"
32,"df.out","p12","d11"
33,"cf","p12","p13"
34,"df.in","d10","p13"
35,"df.out","p13","d12"
36,"cf","p13","p14"
37,"cf","p14","p15"
38,"df.in","d11","p15"
39,"df.out","p15","d13"
40,"cf","p15","p16"
41,"df.in","d13","p16"
42,"df.out","p16","d14"
43,"cf","p16","p17"
44,"df.in","d13","p17"
45,"df.out","p17","d15"
46,"cf","p17","p18"
47,"df.in","d14","p18"
48,"df.out","p18","d16"
49,"cf","p18","p19"
50,"df.in","d13","p19"
51,"df.out","p19","d17"
52,"cf","p19","p20"
53,"df.in","d16","p20"
54,"df.out","p20","d18"
55,"cf","p20","p21"
56,"df.in","d13","p21"
57,"df.out","p21","d19"
58,"cf","p21","p22"
59,"df.in","d19","p22"
60,"df.out","p22","d20"
61,"cf","p22","p23"
62,"df.in","d20","p23"
63,"df.out","p23","d21"
64,"cf","p23","p24"
65,"df.in","d13","p24"
66,"df.out","p24","d22"
67,"cf","p24","p25"
68,"df.out","p25","d23"
69,"df.in","d22","p26"
70,"cf","p25","p26"
71,"cf","p26","p27"
72,"df.in","d22","p27"
73,"df.out","p27","d24"
74,"cf","p27","p28"
75,"df.in","d22","p28"
76,"df.out","p28","d25"
77,"cf","p28","p29"
78,"df.in","d24","p29"
79,"df.in","d25","p29"
80,"df.out","p29","d26"
81,"cf","p29","p30"
82,"df.in","d26","p30"
83,"df.in","d23","p30"
84,"df.out","p30","d27"
85,"cf","p30","p31"
86,"df.in","d26","p31"
87,"df.in","d27","p31"
88,"df.out","p31","d28"
89,"cf","p31","p32"
90,"df.in","d28","p32"
91,"df.out","p32","d29"
92,"cf","p32","p33"
93,"df.out","p33","d30"
94,"cf","p33","p34"
95,"df.in","d26","p34"
96,"df.in","d30","p34"
97,"df.out","p34","d31"
98,"cf","p34","p35"
99,"df.in","d26","p35"
100,"df.in","d31","p35"
101,"df.out","p35","d32"
102,"cf","p35","p36"
103,"df.in","d32","p36"
104,"df.out","p36","d33"
105,"cf","p36","p37"
106,"df.in","d33","p37"
107,"cf","p37","p38"
108,"df.in","d29","p38"
109,"df.out","p38","d34"
110,"cf","p38","p39"
111,"df.in","d29","p39"
112,"df.in","d34","p39"
113,"df.out","p39","d35"
114,"cf","p39","p40"
115,"df.out","p40","d36"
116,"df.in","d35","p40"
